"block","trt","y","plot","mu","trt_mean","trt_effect","error_effect","trt_bar_min","trt_bar_max","err_bar_min","err_bar_max"
"B4","F",5.6,1,4.5625,5.625,1.0625,-0.0250000000000004,4.5625,5.625,-0.0250000000000004,0
"B4","R1",1.4,2,4.5625,3.5,-1.0625,-2.1,-1.0625,0,-3.1625,-1.0625
"B3","F",6.4,3,4.5625,5.625,1.0625,0.775,4.5625,5.625,5.625,6.4
"B3","R1",5,4,4.5625,3.5,-1.0625,1.5,-1.0625,0,4.5625,6.0625
"B2","F",4,5,4.5625,5.625,1.0625,-1.625,4.5625,5.625,-1.625,0
"B2","R1",2.7,6,4.5625,3.5,-1.0625,-0.8,-1.0625,0,-1.8625,-1.0625
"B1","R1",4.9,7,4.5625,3.5,-1.0625,1.4,-1.0625,0,4.5625,5.9625
"B1","F",6.5,8,4.5625,5.625,1.0625,0.875,4.5625,5.625,5.625,6.5
